Date,         SSRN
1901-01-01,   -5.000
1901-02-01,   -6.000
1901-03-01,   -5.000
1901-04-01,  240.000
1901-05-01,  115.000
1901-06-01,  299.000
1901-07-01,  346.000
1901-08-01,  607.000
1901-09-01,  232.000
1901-10-01,  131.000
1901-11-01,   60.000
1901-12-01,   10.000
1902-01-01,   -4.000
1902-02-01,   38.000
1902-03-01,   83.000
1902-04-01,  227.000
1902-05-01,  115.000
1902-06-01,   25.000
1902-07-01,  330.000
1902-08-01,   14.000
1902-09-01, -321.000
1902-10-01,  111.000
1902-11-01,  -13.000
1902-12-01,   27.000
1903-01-01,   25.000
1903-02-01,   -6.000
1903-03-01,  -10.000
1903-04-01,  141.000
1903-05-01,  202.000
1903-06-01,  -43.000
1903-07-01,  142.000
1903-08-01,  714.000
1903-09-01,   20.000
1903-10-01,   69.000
1903-11-01,   25.000
1903-12-01,    4.000
1904-01-01,   35.000
1904-02-01,   -7.000
1904-03-01,    2.000
1904-04-01,  -16.000
1904-05-01,  189.000
1904-06-01,  226.000
1904-07-01,  436.000
1904-08-01,  -27.000
1904-09-01, -241.000
1904-10-01,    8.000
1904-11-01,   17.000
1904-12-01,   11.000
1905-01-01,    1.000
1905-02-01,    7.000
1905-03-01,   18.000
1905-04-01,    8.000
1905-05-01,   15.000
1905-06-01,  352.000
1905-07-01,  227.000
1905-08-01,  157.000
1905-09-01,  289.000
1905-10-01,  258.000
1905-11-01,   39.000
1905-12-01,   11.000
1906-01-01,   44.000
1906-02-01,   25.000
1906-03-01,  -19.000
1906-04-01,   73.000
1906-05-01,  228.000
1906-06-01,  123.000
1906-07-01,  878.000
1906-08-01, 1017.000
1906-09-01,  204.000
1906-10-01,   80.000
1906-11-01,   63.000
1906-12-01,  127.000
1907-01-01,    0.000
1907-02-01,   -1.000
1907-03-01,   11.000
1907-04-01,  -27.000
1907-05-01,  -28.000
1907-06-01,   67.000
1907-07-01, -276.000
1907-08-01,  142.000
1907-09-01,   83.000
1907-10-01,  -33.000
1907-11-01,   39.000
1907-12-01,   -2.000
1908-01-01,   -5.000
1908-02-01,   -8.000
1908-03-01,   59.000
1908-04-01,  -12.000
1908-05-01,   14.000
1908-06-01,   27.000
1908-07-01,   65.000
1908-08-01,  533.000
1908-09-01,  299.000
1908-10-01,   -2.000
1908-11-01,    4.000
1908-12-01,   13.000
1909-01-01,    6.000
1909-02-01,    4.000
1909-03-01,   25.000
1909-04-01,  186.000
1909-05-01,  298.000
1909-06-01,  327.000
1909-07-01,  304.000
1909-08-01,  525.000
1909-09-01,  182.000
1909-10-01,   13.000
1909-11-01,   29.000
1909-12-01,   26.000
1910-01-01,   -5.000
1910-02-01,   -5.000
1910-03-01,   11.000
1910-04-01,  -17.000
1910-05-01,    5.000
1910-06-01,  -68.000
1910-07-01,  242.000
1910-08-01,   21.000
1910-09-01,  219.000
1910-10-01,  -65.000
1910-11-01,  -20.000
1910-12-01,    3.000
1911-01-01,    0.000
1911-02-01,   -8.000
1911-03-01,   66.000
1911-04-01,   72.000
1911-05-01,  223.000
1911-06-01,   92.000
1911-07-01,  -46.000
1911-08-01,   14.000
1911-09-01,  -21.000
1911-10-01,   -4.000
1911-11-01,   22.000
1911-12-01,    7.000
1912-01-01,   -2.000
1912-02-01,   -4.000
1912-03-01,  -18.000
1912-04-01,   12.000
1912-05-01, -120.000
1912-06-01,  -18.000
1912-07-01, -194.000
1912-08-01,  125.000
1912-09-01,  116.000
1912-10-01,   32.000
1912-11-01,   13.000
1912-12-01,    5.000
1913-01-01,    5.000
1913-02-01,   -6.000
1913-03-01,  -16.000
1913-04-01,   -1.000
1913-05-01,   18.000
1913-06-01, -106.000
1913-07-01, -235.000
1913-08-01, -126.000
1913-09-01, -195.000
1913-10-01,  -87.000
1913-11-01,   13.000
1913-12-01,   78.000
1914-01-01,   -5.000
1914-02-01,    1.000
1914-03-01,   -4.000
1914-04-01,  -60.000
1914-05-01, -107.000
1914-06-01,  -81.000
1914-07-01,  -49.000
1914-08-01,   86.000
1914-09-01,  245.000
1914-10-01,   96.000
1914-11-01,   58.000
1914-12-01,   -2.000
1915-01-01,   -5.000
1915-02-01,   -7.000
1915-03-01,   68.000
1915-04-01,  136.000
1915-05-01,  185.000
1915-06-01,  196.000
1915-07-01,  164.000
1915-08-01,   18.000
1915-09-01,  -30.000
1915-10-01,  -17.000
1915-11-01,   11.000
1915-12-01,   -3.000
1916-01-01,   -5.000
1916-02-01,    0.000
1916-03-01,   22.000
1916-04-01,  121.000
1916-05-01,  -14.000
1916-06-01,  -95.000
1916-07-01,  259.000
1916-08-01,  401.000
1916-09-01,  421.000
1916-10-01,  -88.000
1916-11-01,    5.000
1916-12-01,    4.000
1917-01-01,    3.000
1917-02-01,   13.000
1917-03-01,   32.000
1917-04-01,  -25.000
1917-05-01,  219.000
1917-06-01,   -6.000
1917-07-01,  -90.000
1917-08-01,  255.000
1917-09-01,  588.000
1917-10-01,   -9.000
1917-11-01,   38.000
1917-12-01,   58.000
1918-01-01,   19.000
1918-02-01,   14.000
1918-03-01,   17.000
1918-04-01,   49.000
1918-05-01,  149.000
1918-06-01,  386.000
1918-07-01,  199.000
1918-08-01,  529.000
1918-09-01,  251.000
1918-10-01,  101.000
1918-11-01,   33.000
1918-12-01,    4.000
1919-01-01,   -4.000
1919-02-01,   -4.000
1919-03-01,   10.000
1919-04-01,  -17.000
1919-05-01,  140.000
1919-06-01,  -12.000
1919-07-01,  192.000
1919-08-01, -108.000
1919-09-01,  268.000
1919-10-01,  -39.000
1919-11-01,   19.000
1919-12-01,    3.000
1920-01-01,   -4.000
1920-02-01,    6.000
1920-03-01,  -16.000
1920-04-01,    1.000
1920-05-01,   25.000
1920-06-01,  194.000
1920-07-01,  -85.000
1920-08-01,  813.000
1920-09-01,  318.000
1920-10-01,  -79.000
1920-11-01,   35.000
1920-12-01,   -3.000
1921-01-01,   -5.000
1921-02-01,   -2.000
1921-03-01,   22.000
1921-04-01,   14.000
1921-05-01,   76.000
1921-06-01,  -11.000
1921-07-01, -104.000
1921-08-01,  372.000
1921-09-01,   97.000
1921-10-01,   -1.000
1921-11-01,   71.000
1921-12-01,   -1.000
1922-01-01,    3.000
1922-02-01,   -5.000
1922-03-01,  -10.000
1922-04-01,   54.000
1922-05-01,  -59.000
1922-06-01,  -97.000
1922-07-01,  127.000
1922-08-01,  383.000
1922-09-01,  462.000
1922-10-01,  217.000
1922-11-01,   48.000
1922-12-01,    5.000
1923-01-01,    6.000
1923-02-01,   -7.000
1923-03-01,    6.000
1923-04-01,   94.000
1923-05-01,  -24.000
1923-06-01,  -59.000
1923-07-01,  210.000
1923-08-01,  210.000
1923-09-01,   72.000
1923-10-01,   80.000
1923-11-01,   55.000
1923-12-01,    5.000
1924-01-01,   23.000
1924-02-01,   25.000
1924-03-01,   -1.000
1924-04-01,    3.000
1924-05-01,  -46.000
1924-06-01,  221.000
1924-07-01,  383.000
1924-08-01,  293.000
1924-09-01,  417.000
1924-10-01,  -34.000
1924-11-01,   30.000
1924-12-01,   -2.000
1925-01-01,    2.000
1925-02-01,   -8.000
1925-03-01,   14.000
1925-04-01,   -9.000
1925-05-01,   34.000
1925-06-01,   50.000
1925-07-01,   51.000
1925-08-01,  274.000
1925-09-01,  184.000
1925-10-01,  243.000
1925-11-01,   17.000
1925-12-01,   -4.000
1926-01-01,   -5.000
1926-02-01,   -8.000
1926-03-01,   -4.000
1926-04-01,  -16.000
1926-05-01,   30.000
1926-06-01,  268.000
1926-07-01,   70.000
1926-08-01, -184.000
1926-09-01,  -97.000
1926-10-01, -116.000
1926-11-01,   26.000
1926-12-01,   -2.000
1927-01-01,   -4.000
1927-02-01,   -3.000
1927-03-01,  -21.000
1927-04-01,   55.000
1927-05-01,  148.000
1927-06-01,  207.000
1927-07-01,   10.000
1927-08-01,  770.000
1927-09-01,  316.000
1927-10-01,  300.000
1927-11-01,   49.000
1927-12-01,    5.000
1928-01-01,    0.000
1928-02-01,   -8.000
1928-03-01,    7.000
1928-04-01,   49.000
1928-05-01,   19.000
1928-06-01,   -7.000
1928-07-01,   46.000
1928-08-01,  931.000
1928-09-01,   51.000
1928-10-01,  236.000
1928-11-01,   -4.000
1928-12-01,   -2.000
1929-01-01,   -5.000
1929-02-01,   -4.000
1929-03-01,   12.000
1929-04-01,   -7.000
1929-05-01,  129.000
1929-06-01,  321.000
1929-07-01,   91.000
1929-08-01,  537.000
1929-09-01,  150.000
1929-10-01,   77.000
1929-11-01,  -11.000
1929-12-01,    1.000
1930-01-01,    5.000
1930-02-01,    1.000
1930-03-01,    9.000
1930-04-01,   23.000
1930-05-01,  246.000
1930-06-01,  131.000
1930-07-01,  270.000
1930-08-01,  371.000
1930-09-01,  152.000
1930-10-01,  106.000
1930-11-01,  -12.000
1930-12-01,    3.000
1931-01-01,   -5.000
1931-02-01,   25.000
1931-03-01,   -3.000
1931-04-01,   39.000
1931-05-01,  117.000
1931-06-01,  107.000
1931-07-01,  311.000
1931-08-01, -387.000
1931-09-01,  447.000
1931-10-01,  -67.000
1931-11-01,   51.000
1931-12-01,    3.000
1932-01-01,   13.000
1932-02-01,   20.000
1932-03-01,   22.000
1932-04-01,   -7.000
1932-05-01,  148.000
1932-06-01,   26.000
1932-07-01,  146.000
1932-08-01,  480.000
1932-09-01,  196.000
1932-10-01,   41.000
1932-11-01,   11.000
1932-12-01,   -3.000
1933-01-01,   11.000
1933-02-01,    9.000
1933-03-01,    4.000
1933-04-01,   33.000
1933-05-01,  201.000
1933-06-01,  463.000
1933-07-01,  346.000
1933-08-01,  396.000
1933-09-01,   78.000
1933-10-01,  -58.000
1933-11-01,  118.000
1933-12-01,   14.000
1934-01-01,   -5.000
1934-02-01,   -8.000
1934-03-01,   18.000
1934-04-01,    1.000
1934-05-01, -121.000
1934-06-01,  104.000
1934-07-01,   37.000
1934-08-01,  399.000
1934-09-01,   99.000
1934-10-01,   26.000
1934-11-01,   -7.000
1934-12-01,   -4.000
1935-01-01,    7.000
1935-02-01,   10.000
1935-03-01,   25.000
1935-04-01,   -3.000
1935-05-01,  -32.000
1935-06-01,  205.000
1935-07-01,  265.000
1935-08-01,  745.000
1935-09-01,  188.000
1935-10-01,   41.000
1935-11-01,   11.000
1935-12-01,   -2.000
1936-01-01,   -6.000
1936-02-01,   12.000
1936-03-01,   -9.000
1936-04-01,   83.000
1936-05-01,  223.000
1936-06-01,  211.000
1936-07-01,  337.000
1936-08-01,  777.000
1936-09-01,  249.000
1936-10-01,   43.000
1936-11-01,   79.000
1936-12-01,    8.000
1937-01-01,   -6.000
1937-02-01,   -5.000
1937-03-01,   -2.000
1937-04-01,  -27.000
1937-05-01,  -15.000
1937-06-01, -106.000
1937-07-01,   91.000
1937-08-01,  351.000
1937-09-01,  142.000
1937-10-01,   44.000
1937-11-01,   13.000
1937-12-01,   -3.000
1938-01-01,   -5.000
1938-02-01,   -7.000
1938-03-01,   72.000
1938-04-01,  -33.000
1938-05-01,   14.000
1938-06-01,  -45.000
1938-07-01,  202.000
1938-08-01,  280.000
1938-09-01,  212.000
1938-10-01,  128.000
1938-11-01,   13.000
1938-12-01,   -4.000
1939-01-01,   -5.000
1939-02-01,    1.000
1939-03-01,   11.000
1939-04-01,  -31.000
1939-05-01,  121.000
1939-06-01,   17.000
1939-07-01,   91.000
1939-08-01,  444.000
1939-09-01,  305.000
1939-10-01,  119.000
1939-11-01,    8.000
1939-12-01,   11.000
1940-01-01,    3.000
1940-02-01,   -8.000
1940-03-01,   -6.000
1940-04-01,  -19.000
1940-05-01,   -2.000
1940-06-01,   63.000
1940-07-01, -120.000
1940-08-01,  333.000
1940-09-01,   19.000
1940-10-01,  254.000
1940-11-01,   -1.000
1940-12-01,   -4.000
1941-01-01,    0.000
1941-02-01,   -8.000
1941-03-01,    1.000
1941-04-01,    9.000
1941-05-01,   99.000
1941-06-01,   44.000
1941-07-01,  -19.000
1941-08-01, -192.000
1941-09-01,   86.000
1941-10-01, -146.000
1941-11-01,   24.000
1941-12-01,   -2.000
1942-01-01,    0.000
1942-02-01,    7.000
1942-03-01,   -6.000
1942-04-01,   27.000
1942-05-01,  109.000
1942-06-01, -142.000
1942-07-01,  -42.000
1942-08-01,  251.000
1942-09-01, -284.000
1942-10-01,   39.000
1942-11-01,   39.000
1942-12-01,   16.000
1943-01-01,    1.000
1943-02-01,   -1.000
1943-03-01,   15.000
1943-04-01,    0.000
1943-05-01,   56.000
1943-06-01,   51.000
1943-07-01,   32.000
1943-08-01,  648.000
1943-09-01,  496.000
1943-10-01,   76.000
1943-11-01,    8.000
1943-12-01,   68.000
1944-01-01,   -5.000
1944-02-01,   -6.000
1944-03-01,    8.000
1944-04-01,    6.000
1944-05-01, -144.000
1944-06-01,   16.000
1944-07-01, -172.000
1944-08-01,   59.000
1944-09-01,  168.000
1944-10-01,  173.000
1944-11-01,   31.000
1944-12-01,    6.000
1945-01-01,   -5.000
1945-02-01,   -8.000
1945-03-01,  -17.000
1945-04-01,   -2.000
1945-05-01,    3.000
1945-06-01, -118.000
1945-07-01,  198.000
1945-08-01,  789.000
1945-09-01,  289.000
1945-10-01,   86.000
1945-11-01,    5.000
1945-12-01,   -5.000
1946-01-01,    8.000
1946-02-01,   -7.000
1946-03-01,    2.000
1946-04-01,  -30.000
1946-05-01,  -11.000
1946-06-01,  -27.000
1946-07-01,  257.000
1946-08-01,  324.000
1946-09-01,  310.000
1946-10-01,  180.000
1946-11-01,   -4.000
1946-12-01,   -2.000
1947-01-01,   -2.000
1947-02-01,    3.000
1947-03-01,  -22.000
1947-04-01,  -54.000
1947-05-01, -121.000
1947-06-01,    4.000
1947-07-01,  -72.000
1947-08-01,  359.000
1947-09-01,  212.000
1947-10-01,  -83.000
1947-11-01,   20.000
1947-12-01,    0.000
1948-01-01,   -5.000
1948-02-01,    7.000
1948-03-01,   -6.000
1948-04-01,  161.000
1948-05-01,    9.000
1948-06-01,  284.000
1948-07-01,   69.000
1948-08-01,  277.000
1948-09-01, -105.000
1948-10-01,  -50.000
1948-11-01,  -10.000
1948-12-01,   -4.000
1949-01-01,    1.000
1949-02-01,   -7.000
1949-03-01,   15.000
1949-04-01,   14.000
1949-05-01,  -48.000
1949-06-01,  -46.000
1949-07-01,   51.000
1949-08-01,  263.000
1949-09-01, -213.000
1949-10-01,  -75.000
1949-11-01,   24.000
1949-12-01,   48.000
1950-01-01,    4.000
1950-02-01,    3.000
1950-03-01,  -19.000
1950-04-01,  -33.000
1950-05-01,  -18.000
1950-06-01,  -46.000
1950-07-01,  276.000
1950-08-01, 1045.000
1950-09-01,  509.000
1950-10-01,  170.000
1950-11-01,    2.000
1950-12-01,   -2.000
1951-01-01,    2.000
1951-02-01,    2.000
1951-03-01,   37.000
1951-04-01,  -23.000
1951-05-01,  119.000
1951-06-01,  -40.000
1951-07-01,  -29.000
1951-08-01,  237.000
1951-09-01,  474.000
1951-10-01,  720.000
1951-11-01,   83.000
1951-12-01,   -3.000
1952-01-01,   -4.000
1952-02-01,   -6.000
1952-03-01,  -13.000
1952-04-01,  -35.000
1952-05-01,   81.000
1952-06-01,  -23.000
1952-07-01,  273.000
1952-08-01,  355.000
1952-09-01,  904.000
1952-10-01,  104.000
1952-11-01,    0.000
1952-12-01,    2.000
1953-01-01,   -2.000
1953-02-01,   12.000
1953-03-01,   29.000
1953-04-01,  -33.000
1953-05-01,  278.000
1953-06-01,  289.000
1953-07-01,  451.000
1953-08-01,  188.000
1953-09-01,  214.000
1953-10-01,   88.000
1953-11-01,   21.000
1953-12-01,   27.000
1954-01-01,   -5.000
1954-02-01,   49.000
1954-03-01,   21.000
1954-04-01,   60.000
1954-05-01,  140.000
1954-06-01,  178.000
1954-07-01,  594.000
1954-08-01,  777.000
1954-09-01,   10.000
1954-10-01,   43.000
1954-11-01,  173.000
1954-12-01,   -1.000
1955-01-01,   -2.000
1955-02-01,    3.000
1955-03-01,   52.000
1955-04-01,   35.000
1955-05-01,    5.000
1955-06-01,  248.000
1955-07-01,  524.000
1955-08-01,  192.000
1955-09-01,  410.000
1955-10-01,  101.000
1955-11-01,    4.000
1955-12-01,   34.000
1956-01-01,   -1.000
1956-02-01,    7.000
1956-03-01,   24.000
1956-04-01,    0.000
1956-05-01,  -60.000
1956-06-01,   -1.000
1956-07-01,  206.000
1956-08-01,  317.000
1956-09-01,  332.000
1956-10-01,   20.000
1956-11-01,    9.000
1956-12-01,   91.000
1957-01-01,    0.000
1957-02-01,   -4.000
1957-03-01,    2.000
1957-04-01,   14.000
1957-05-01,  183.000
1957-06-01,  200.000
1957-07-01,  215.000
1957-08-01,  321.000
1957-09-01,  412.000
1957-10-01,  338.000
1957-11-01,   44.000
1957-12-01,    6.000
1958-01-01,   14.000
1958-02-01,    1.000
1958-03-01,   -2.000
1958-04-01,   36.000
1958-05-01,   10.000
1958-06-01,  256.000
1958-07-01,  272.000
1958-08-01,  860.000
1958-09-01,  165.000
1958-10-01,   -5.000
1958-11-01,  153.000
1958-12-01,    0.000
1959-01-01,   -3.000
1959-02-01,   -2.000
1959-03-01,   -5.000
1959-04-01,  -27.000
1959-05-01,   90.000
1959-06-01,  -75.000
1959-07-01,  -51.000
1959-08-01,  771.000
1959-09-01,  178.000
1959-10-01, -139.000
1959-11-01,   20.000
1959-12-01,   -5.000
1960-01-01,   -5.000
1960-02-01,   -8.000
1960-03-01,    5.000
1960-04-01,   18.000
1960-05-01,   42.000
1960-06-01,   84.000
1960-07-01,  362.000
1960-08-01,   -8.000
1960-09-01,  277.000
1960-10-01,  -32.000
1960-11-01,   16.000
1960-12-01,    8.000
1961-01-01,   -1.000
1961-02-01,   -7.000
1961-03-01,   -8.000
1961-04-01,  -17.000
1961-05-01,  -46.000
1961-06-01,  143.000
1961-07-01,  447.000
1961-08-01,  298.000
1961-09-01,  177.000
1961-10-01, -128.000
1961-11-01,    6.000
1961-12-01,   -4.000
1962-01-01,   -5.000
1962-02-01,   -7.000
1962-03-01,  -10.000
1962-04-01,   58.000
1962-05-01,   24.000
1962-06-01,  115.000
1962-07-01,  130.000
1962-08-01,  496.000
1962-09-01,  128.000
1962-10-01,  125.000
1962-11-01,   93.000
1962-12-01,   -4.000
1963-01-01,   -2.000
1963-02-01,   11.000
1963-03-01,   -7.000
1963-04-01,   57.000
1963-05-01,   14.000
1963-06-01,    4.000
1963-07-01,   48.000
1963-08-01,  254.000
1963-09-01,   85.000
1963-10-01,  385.000
1963-11-01,   -9.000
1963-12-01,   -5.000
1964-01-01,   -4.000
1964-02-01,   -8.000
1964-03-01,    6.000
1964-04-01,    1.000
1964-05-01,   92.000
1964-06-01,  206.000
1964-07-01,  311.000
1964-08-01,  542.000
1964-09-01,  269.000
1964-10-01,  -91.000
1964-11-01,   -7.000
1964-12-01,   54.000
1965-01-01,   21.000
1965-02-01,    6.000
1965-03-01,  -19.000
1965-04-01,  -47.000
1965-05-01,  -25.000
1965-06-01,  242.000
1965-07-01,  -10.000
1965-08-01,  475.000
1965-09-01,  396.000
1965-10-01,   26.000
1965-11-01,   11.000
1965-12-01,   -5.000
1966-01-01,   -6.000
1966-02-01,   -8.000
1966-03-01,    8.000
1966-04-01,   29.000
1966-05-01,   33.000
1966-06-01,  157.000
1966-07-01, -255.000
1966-08-01,   15.000
1966-09-01,  538.000
1966-10-01,  400.000
1966-11-01,   -4.000
1966-12-01,   -1.000
1967-01-01,   -5.000
1967-02-01,    1.000
1967-03-01,   22.000
1967-04-01,   17.000
1967-05-01,  -45.000
1967-06-01,   32.000
1967-07-01,  138.000
1967-08-01,  430.000
1967-09-01,  448.000
1967-10-01,  118.000
1967-11-01,   16.000
1967-12-01,   -2.000
1968-01-01,   -5.000
1968-02-01,   57.000
1968-03-01,   26.000
1968-04-01,  149.000
1968-05-01,   72.000
1968-06-01,   63.000
1968-07-01,   17.000
1968-08-01, -331.000
1968-09-01,  -27.000
1968-10-01,   -4.000
1968-11-01,   15.000
1968-12-01,    8.000
1969-01-01,   -3.000
1969-02-01,   -6.000
1969-03-01,   15.000
1969-04-01,   -3.000
1969-05-01,  -26.000
1969-06-01,    7.000
1969-07-01,  309.000
1969-08-01,  235.000
1969-09-01,  166.000
1969-10-01,  382.000
1969-11-01,   18.000
1969-12-01,   -2.000
1970-01-01,   -4.000
1970-02-01,   -8.000
1970-03-01,   -9.000
1970-04-01,  -35.000
1970-05-01,   56.000
1970-06-01, -195.000
1970-07-01,  143.000
1970-08-01,  141.000
1970-09-01,   68.000
1970-10-01, -149.000
1970-11-01,    1.000
1970-12-01,   -4.000
1971-01-01,   -5.000
1971-02-01,    2.000
1971-03-01,   20.000
1971-04-01,    9.000
1971-05-01,  -56.000
1971-06-01, -127.000
1971-07-01,  -61.000
1971-08-01,  276.000
1971-09-01,   -6.000
1971-10-01, -153.000
1971-11-01,   -8.000
1971-12-01,   14.000
1972-01-01,    1.000
1972-02-01,   -2.000
1972-03-01,    4.000
1972-04-01,   32.000
1972-05-01,  102.000
1972-06-01,    7.000
1972-07-01, -319.000
1972-08-01, -297.000
1972-09-01, -293.000
1972-10-01,   18.000
1972-11-01,    4.000
1972-12-01,    4.000
1973-01-01,   -5.000
1973-02-01,   -5.000
1973-03-01,   -9.000
1973-04-01,  -12.000
1973-05-01,  -14.000
1973-06-01,  -81.000
1973-07-01,  -76.000
1973-08-01, -143.000
1973-09-01, -243.000
1973-10-01, -139.000
1973-11-01,  -11.000
1973-12-01,    0.000
1974-01-01,   -5.000
1974-02-01,   -7.000
1974-03-01,    8.000
1974-04-01,  -27.000
1974-05-01,  -62.000
1974-06-01, -117.000
1974-07-01,  337.000
1974-08-01,  277.000
1974-09-01,   81.000
1974-10-01,  -53.000
1974-11-01,    2.000
1974-12-01,   -4.000
1975-01-01,   -5.000
1975-02-01,   -6.000
1975-03-01,    5.000
1975-04-01,    0.000
1975-05-01,   55.000
1975-06-01,  -93.000
1975-07-01,  514.000
1975-08-01,   28.000
1975-09-01,  236.000
1975-10-01,  -57.000
1975-11-01,    3.000
1975-12-01,    0.000
1976-01-01,   12.000
1976-02-01,    5.000
1976-03-01,   -7.000
1976-04-01,    9.000
1976-05-01,   83.000
1976-06-01,   30.000
1976-07-01, -106.000
1976-08-01, -134.000
1976-09-01,   50.000
1976-10-01,  425.000
1976-11-01,   44.000
1976-12-01,   12.000
1977-01-01,    3.000
1977-02-01,   -8.000
1977-03-01,   -9.000
1977-04-01,  -54.000
1977-05-01,  -17.000
1977-06-01,  -93.000
1977-07-01,  -96.000
1977-08-01, -202.000
1977-09-01,   59.000
1977-10-01,  -88.000
1977-11-01,  -24.000
1977-12-01,   -2.000
1978-01-01,   -3.000
1978-02-01,   -3.000
1978-03-01,   31.000
1978-04-01,  168.000
1978-05-01,   60.000
1978-06-01,   67.000
1978-07-01,  248.000
1978-08-01, -108.000
1978-09-01,  106.000
1978-10-01,  105.000
1978-11-01,   17.000
1978-12-01,    8.000
1979-01-01,   16.000
1979-02-01,   -8.000
1979-03-01,    2.000
1979-04-01,  -30.000
1979-05-01,  100.000
1979-06-01,  234.000
1979-07-01,    0.000
1979-08-01, -190.000
1979-09-01, -102.000
1979-10-01,   28.000
1979-11-01,   31.000
1979-12-01,    2.000
1980-01-01,    1.000
1980-02-01,    9.000
1980-03-01,  -21.000
1980-04-01,  -23.000
1980-05-01,   19.000
1980-06-01,  -19.000
1980-07-01,   40.000
1980-08-01,   79.000
1980-09-01, -132.000
1980-10-01,  -91.000
1980-11-01,   14.000
1980-12-01,    4.000
1981-01-01,   -4.000
1981-02-01,   -4.000
1981-03-01,   12.000
1981-04-01,   29.000
1981-05-01,  126.000
1981-06-01,  -10.000
1981-07-01,  222.000
1981-08-01,  -99.000
1981-09-01, -143.000
1981-10-01, -112.000
1981-11-01,  -15.000
1981-12-01,   -4.000
1982-01-01,   -5.000
1982-02-01,    4.000
1982-03-01,   25.000
1982-04-01,   50.000
1982-05-01,   -1.000
1982-06-01,  -54.000
1982-07-01, -146.000
1982-08-01,  -48.000
1982-09-01, -291.000
1982-10-01,   51.000
1982-11-01,  -13.000
1982-12-01,   -4.000
1983-01-01,   -5.000
1983-02-01,   -2.000
1983-03-01,  -10.000
1983-04-01,  -41.000
1983-05-01,   -2.000
1983-06-01,   15.000
1983-07-01, -249.000
1983-08-01, -406.000
1983-09-01, -234.000
1983-10-01, -190.000
1983-11-01,  -17.000
1983-12-01,   -4.000
1984-01-01,   -5.000
1984-02-01,   -8.000
1984-03-01,    5.000
1984-04-01,   -5.000
1984-05-01,   78.000
1984-06-01,  -42.000
1984-07-01, -256.000
1984-08-01, -702.000
1984-09-01,  -97.000
1984-10-01,  -51.000
1984-11-01,   21.000
1984-12-01,   -4.000
1985-01-01,   -4.000
1985-02-01,   -7.000
1985-03-01,   14.000
1985-04-01,  -45.000
1985-05-01, -113.000
1985-06-01,  -32.000
1985-07-01,   19.000
1985-08-01,  -46.000
1985-09-01,  -38.000
1985-10-01, -148.000
1985-11-01,  -10.000
1985-12-01,    0.000
1986-01-01,   -5.000
1986-02-01,   -3.000
1986-03-01,  -11.000
1986-04-01,  -23.000
1986-05-01,    9.000
1986-06-01,  -97.000
1986-07-01,  -71.000
1986-08-01, -272.000
1986-09-01,  291.000
1986-10-01,  -53.000
1986-11-01,   -7.000
1986-12-01,   -4.000
1987-01-01,   -5.000
1987-02-01,   -7.000
1987-03-01,   -1.000
1987-04-01,  -76.000
1987-05-01,  -86.000
1987-06-01,   -8.000
1987-07-01, -214.000
1987-08-01, -206.000
1987-09-01,  -42.000
1987-10-01,   10.000
1987-11-01,  -19.000
1987-12-01,   -4.000
1988-01-01,   -4.000
1988-02-01,   -2.000
1988-03-01,  -12.000
1988-04-01,   33.000
1988-05-01, -106.000
1988-06-01,   37.000
1988-07-01,  100.000
1988-08-01,  381.000
1988-09-01,  171.000
1988-10-01, -134.000
1988-11-01,    4.000
1988-12-01,   -4.000
1989-01-01,   -5.000
1989-02-01,   -1.000
1989-03-01,   14.000
1989-04-01,  -49.000
1989-05-01,  -86.000
1989-06-01,   43.000
1989-07-01,   21.000
1989-08-01,  369.000
1989-09-01, -128.000
1989-10-01,   38.000
1989-11-01,  -11.000
1989-12-01,    9.000
1990-01-01,    0.000
1990-02-01,   -6.000
1990-03-01,  -23.000
1990-04-01,  -11.000
1990-05-01,   19.000
1990-06-01, -133.000
1990-07-01,   82.000
1990-08-01, -330.000
1990-09-01, -199.000
1990-10-01,  -80.000
1990-11-01,   -6.000
1990-12-01,    3.000
1991-01-01,   -4.000
1991-02-01,    4.000
1991-03-01,   18.000
1991-04-01,   29.000
1991-05-01,  258.000
1991-06-01,  -29.000
1991-07-01,   97.000
1991-08-01,   75.000
1991-09-01, -320.000
1991-10-01,  125.000
1991-11-01,  -20.000
1991-12-01,   -2.000
1992-01-01,   30.000
1992-02-01,   12.000
1992-03-01,   -8.000
1992-04-01,    4.000
1992-05-01,  170.000
1992-06-01,  -21.000
1992-07-01,   71.000
1992-08-01,  -62.000
1992-09-01,  -71.000
1992-10-01,  -54.000
1992-11-01,   49.000
1992-12-01,   -3.000
1993-01-01,   -4.000
1993-02-01,    7.000
1993-03-01,   69.000
1993-04-01,    5.000
1993-05-01,  -71.000
1993-06-01,    2.000
1993-07-01,  149.000
1993-08-01, -142.000
1993-09-01,  -32.000
1993-10-01,  -60.000
1993-11-01,   32.000
1993-12-01,   -3.000
1994-01-01,   -6.000
1994-02-01,   -4.000
1994-03-01,   -1.000
1994-04-01,   -9.000
1994-05-01,  -16.000
1994-06-01,    8.000
1994-07-01,   49.000
1994-08-01,  409.000
1994-09-01,  446.000
1994-10-01,  332.000
1994-11-01,   19.000
1994-12-01,   -4.000
1995-01-01,   -6.000
1995-02-01,   -4.000
1995-03-01,   11.000
1995-04-01,   41.000
1995-05-01,  -10.000
1995-06-01,  -67.000
1995-07-01,  -21.000
1995-08-01,  116.000
1995-09-01,   -7.000
1995-10-01,  -39.000
1995-11-01,   -8.000
1995-12-01,   56.000
1996-01-01,   -3.000
1996-02-01,    1.000
1996-03-01,  -10.000
1996-04-01,  -18.000
1996-05-01,   49.000
1996-06-01,  -10.000
1996-07-01,  -50.000
1996-08-01, -107.000
1996-09-01,   88.000
1996-10-01,    7.000
1996-11-01,  -12.000
1996-12-01,    0.000
1997-01-01,   -1.000
1997-02-01,   -8.000
1997-03-01,   12.000
1997-04-01,   38.000
1997-05-01,   90.000
1997-06-01,  138.000
1997-07-01, -243.000
1997-08-01, -172.000
1997-09-01,  -46.000
1997-10-01,   14.000
1997-11-01,   -7.000
1997-12-01,   -5.000
1998-01-01,   -2.000
1998-02-01,   -4.000
1998-03-01,  -22.000
1998-04-01,   28.000
1998-05-01,    6.000
1998-06-01,  -31.000
1998-07-01, -110.000
1998-08-01,  116.000
1998-09-01,  492.000
1998-10-01,  -31.000
1998-11-01,  -20.000
1998-12-01,   -1.000
1999-01-01,   -4.000
1999-02-01,   -3.000
1999-03-01,  -11.000
1999-04-01,   12.000
1999-05-01,  -69.000
1999-06-01, -115.000
1999-07-01,  215.000
1999-08-01,  629.000
1999-09-01,  327.000
1999-10-01,  257.000
1999-11-01,    6.000
1999-12-01,   -3.000
2000-01-01,   12.000
2000-02-01,   -7.000
2000-03-01,  -11.000
2000-04-01,  -17.000
2000-05-01,  -19.000
2000-06-01,   32.000
2000-07-01,  204.000
2000-08-01, -113.000
2000-09-01, -155.000
2000-10-01,  141.000
2000-11-01,   -5.000
2000-12-01,   -4.000
2001-01-01,   -6.000
2001-02-01,   -8.000
2001-03-01,  -18.000
2001-04-01,   38.000
2001-05-01,  -61.000
2001-06-01,  146.000
2001-07-01,  116.000
2001-08-01, -102.000
2001-09-01,  -44.000
2001-10-01, -108.000
2001-11-01,   17.000
2001-12-01,   -4.000
2002-01-01,   51.000
2002-02-01,   -3.000
2002-03-01,   -4.000
2002-04-01,  -20.000
2002-05-01,  -95.000
2002-06-01, -109.000
2002-07-01, -217.000
2002-08-01, -287.000
2002-09-01,  -69.000
2002-10-01,  195.000
2002-11-01,  -18.000
2002-12-01,    2.000
2003-01-01,    0.000
2003-02-01,    0.000
2003-03-01,    3.000
2003-04-01,   23.000
2003-05-01,  -32.000
2003-06-01,  200.000
2003-07-01,  178.000
2003-08-01,  324.000
2003-09-01,  134.000
2003-10-01,  113.000
2003-11-01,   21.000
2003-12-01,   -3.000
2004-01-01,    5.000
2004-02-01,   -1.000
2004-03-01,   -8.000
2004-04-01,   37.000
2004-05-01,  -32.000
2004-06-01,   -1.000
2004-07-01,   90.000
2004-08-01,  -55.000
2004-09-01, -253.000
2004-10-01, -136.000
2004-11-01,    7.000
2004-12-01,   -2.000
2005-01-01,   -2.000
2005-02-01,   29.000
2005-03-01,   24.000
2005-04-01,  -17.000
2005-05-01,   30.000
2005-06-01,  172.000
2005-07-01,   43.000
2005-08-01,  -92.000
2005-09-01,   66.000
2005-10-01,  -25.000
2005-11-01,  -12.000
2005-12-01,   -3.000
2006-01-01,   -3.000
2006-02-01,   18.000
2006-03-01,  -16.000
2006-04-01,   -2.000
2006-05-01,    3.000
2006-06-01,  -69.000
2006-07-01, -107.000
2006-08-01,   68.000
2006-09-01,  154.000
2006-10-01,   28.000
2006-11-01,  -23.000
2006-12-01,   -4.000
2007-01-01,   -5.000
2007-02-01,   -6.000
2007-03-01,  -10.000
2007-04-01,   29.000
2007-05-01,  -50.000
2007-06-01, -147.000
2007-07-01,  -33.000
2007-08-01,  281.000
2007-09-01, -209.000
2007-10-01, -126.000
2007-11-01,   40.000
2007-12-01,   -1.000
2008-01-01,   -5.000
2008-02-01,   -2.000
2008-03-01,   -5.000
2008-04-01,   -7.000
2008-05-01,   16.000
2008-06-01,  201.000
2008-07-01,  172.000
2008-08-01,  178.000
2008-09-01,   23.000
2008-10-01,   73.000
2008-11-01,  -17.000
2008-12-01,   -2.000
2009-01-01,   -5.000
2009-02-01,    7.000
2009-03-01,   -4.000
2009-04-01,  -33.000
2009-05-01,  -23.000
2009-06-01,    0.000
2009-07-01, -148.000
2009-08-01,  216.000
2009-09-01,  319.000
2009-10-01,   55.000
2009-11-01,   11.000
2009-12-01,   -3.000
2010-01-01,   -5.000
2010-02-01,   -2.000
2010-03-01,  -12.000
2010-04-01,    7.000
2010-05-01,   88.000
2010-06-01,  144.000
2010-07-01,  123.000
2010-08-01,   61.000
2010-09-01,  477.000
2010-10-01,  211.000
2010-11-01,   -8.000
2010-12-01,   -3.000
2011-01-01,   -4.000
2011-02-01,    3.000
2011-03-01,   -4.000
2011-04-01,  -27.000
2011-05-01,  -37.000
2011-06-01,  -38.000
2011-07-01, -153.000
2011-08-01,  174.000
2011-09-01, -160.000
2011-10-01,  -91.000
2011-11-01,  -17.000
2011-12-01,   -3.000
2012-01-01,   -5.000
2012-02-01,    8.000
2012-03-01,   -6.000
2012-04-01,   10.000
2012-05-01,   72.000
2012-06-01,   41.000
2012-07-01,  413.000
2012-08-01,  400.000
2012-09-01,  266.000
2012-10-01,   -3.000
2012-11-01,   42.000
2012-12-01,   -2.000
2013-01-01,   -3.000
2013-02-01,    8.000
2013-03-01,    5.000
2013-04-01,   90.000
2013-05-01,  -75.000
2013-06-01,  -56.000
2013-07-01, -152.000
2013-08-01,  389.000
2013-09-01,   76.000
2013-10-01,   15.000
2013-11-01,   -6.000
2013-12-01,    0.000
2014-01-01,    9.000
2014-02-01,    3.000
2014-03-01,    0.000
2014-04-01,    2.000
2014-05-01,  346.000
2014-06-01,   53.000
2014-07-01, -214.000
2014-08-01,  184.000
2014-09-01,  179.000
2014-10-01,   29.000
2014-11-01,   16.000
2014-12-01,   -2.000
2015-01-01,   -4.000
2015-02-01,   12.000
2015-03-01,    1.000
2015-04-01,  -52.000
2015-05-01,  -90.000
2015-06-01, -101.000
2015-07-01,  371.000
2015-08-01,  567.000
2015-09-01,  378.000
2015-10-01,  153.000
2015-11-01,   16.000
2015-12-01,   -3.000
2016-01-01,    7.000
2016-02-01,   -7.000
2016-03-01,   23.000
2016-04-01,   38.000
2016-05-01,   70.000
2016-06-01,   86.000
2016-07-01,  411.000
2016-08-01,  178.000
2016-09-01,  335.000
2016-10-01,  -83.000
2016-11-01,    1.000
2016-12-01,   -3.000
2017-01-01,   -4.000
2017-02-01,   -7.000
2017-03-01,   -2.000
2017-04-01,   14.000
2017-05-01,  207.000
2017-06-01,  333.000
2017-07-01,  203.000
2017-08-01,  192.000
2017-09-01, -223.000
2017-10-01, -130.000
2017-11-01,   -5.000
2017-12-01,   11.000
